dst,org,distkm,border
1,1,0.0,0
1,2,5616.60889,0
1,4,2305.938667,0
1,5,570.105465,0
1,6,3009.723432,0
1,8,1821.348768,0
1,9,1587.200986,0
1,10,1239.312951,0
1,11,1119.649309,0
1,12,636.065058,1
1,13,322.014048,1
1,15,7052.020541,0
1,16,2723.147022,0
1,17,841.759238,0
1,18,796.119922,0
1,19,1190.027626,0
1,20,1222.49186,0
1,21,549.679317,0
1,22,511.040584,0
1,23,2056.317292,0
1,24,1146.420516,0
1,25,1709.100782,0
1,26,1345.635538,0
1,27,1631.58938,0
1,28,263.284417,1
1,29,803.65127,0
1,30,2497.245738,0
1,31,1505.351173,0
1,32,2767.894315,0
1,33,1800.342591,0
1,34,1362.272219,0
1,35,1795.396981,0
1,36,1499.16625,0
1,37,776.108613,0
1,38,1996.831609,0
1,39,927.012344,0
1,40,1030.42337,0
1,41,3174.447184,0
1,42,1209.014499,0
1,44,1673.974232,0
1,45,571.572656,0
1,46,1740.17521,0
1,47,348.372954,1
1,48,1182.337706,0
1,49,2344.027652,0
1,50,1759.763142,0
1,51,913.183629,0
1,53,3270.327897,0
1,54,862.782712,0
1,55,1341.776954,0
1,56,2138.632206,0
2,1,5616.60889,0
2,2,0.0,0
2,4,4282.452763,0
2,5,5136.38715,0
2,6,3667.201578,0
2,8,4115.072944,0
2,9,5510.184784,0
2,10,5610.727728,0
2,11,5541.130749,0
2,12,6244.068184,0
2,13,5799.677321,0
2,15,4696.704485,0
2,16,3198.209287,0
2,17,4825.360509,0
2,18,4986.718441,0
2,19,4431.32897,0
2,20,4510.020137,0
2,21,5250.992907,0
2,22,5543.51272,0
2,23,5350.459789,0
2,24,5554.131545,0
2,25,5517.737992,0
2,26,4583.820297,0
2,27,4030.073748,0
2,28,5480.543248,0
2,29,4816.858655,0
2,30,3199.079919,0
2,31,4164.590189,0
2,32,3576.656689,0
2,33,5378.646576,0
2,34,5548.933175,0
2,35,4520.774539,0
2,36,5250.513537,0
2,37,5744.15412,0
2,38,3620.322584,0
2,39,5120.745242,0
2,40,4822.012202,0
2,41,2967.438426,0
2,42,5320.041281,0
2,44,5567.570045,0
2,45,5811.802943,0
2,46,3887.362025,0
2,47,5352.112047,0
2,48,5127.709078,0
2,49,3799.715312,0
2,50,5290.829818,0
2,51,5584.976504,0
2,53,2649.717241,0
2,54,5385.123386,0
2,55,4399.19262,0
2,56,3654.553893,0
4,1,2305.938667,0
4,2,4282.452763,0
4,4,0.0,0
4,5,1761.792204,0
4,6,779.81983,1
4,8,756.664175,1
4,9,3485.242481,0
4,10,3258.517363,0
4,11,3123.238127,0
4,12,2839.781509,0
4,13,2623.869945,0
4,15,4747.997218,0
4,16,1146.394435,0
4,17,2093.83876,0
4,18,2331.745923,0
4,19,1806.309046,0
4,20,1278.662334,0
4,21,2398.640201,0
4,22,1898.650316,0
4,23,3786.19784,0
4,24,3152.355791,0
4,25,3588.968704,0
4,26,2506.961192,0
4,27,1989.199456,0
4,28,2048.515695,0
4,29,1779.105107,0
4,30,1427.786054,0
4,31,1316.124479,0
4,32,714.661601,1
4,33,3588.212046,0
4,34,3323.584337,0
4,35,510.560477,1
4,36,3256.892585,0
4,37,2962.78002,0
4,38,1736.478688,0
4,39,2640.325151,0
4,40,1301.311037,0
4,41,1320.729766,0
4,42,3055.863344,0
4,44,3586.524715,0
4,45,2832.461797,0
4,46,1495.078612,0
4,47,2308.868323,0
4,48,1199.517438,0
4,49,557.993049,1
4,50,3503.543804,0
4,51,2984.13168,0
4,53,1639.020805,0
4,54,2810.091751,0
4,55,2200.354049,0
4,56,1031.177299,0
5,1,570.105465,0
5,2,5136.38715,0
5,4,1761.792204,0
5,5,0.0,0
5,6,2445.79892,0
5,8,1251.489063,0
5,9,1872.041798,0
5,10,1577.579421,0
5,11,1442.953354,0
5,12,1184.772,0
5,13,872.75212,0
5,15,6508.764512,0
5,16,2163.931316,0
5,17,646.77558,0
5,18,778.218487,0
5,19,802.163241,0
5,20,663.728939,0
5,21,705.454067,0
5,22,446.593912,1
5,23,2279.1083,0
5,24,1472.480644,0
5,25,1989.617533,0
5,26,1245.147704,0
5,27,1276.302328,0
5,28,354.847053,1
5,29,384.141798,1
5,30,1970.210779,0
5,31,978.007025,0
5,32,2198.443639,0
5,33,2039.141411,0
5,34,1671.865599,0
5,35,1253.411749,0
5,36,1706.557052,0
5,37,1213.264754,0
5,38,1545.965136,0
5,39,1053.030771,0
5,40,466.115741,1
5,41,2608.937595,0
5,42,1444.55962,0
5,44,1969.926011,0
5,45,1070.698664,0
5,46,1251.441311,0
5,47,563.751031,1
5,48,744.323209,1
5,49,1774.065305,0
5,50,1975.323809,0
5,51,1270.458881,0
5,53,2719.206511,0
5,54,1133.027233,0
5,55,1105.108917,0
5,56,1584.789726,0
6,1,3009.723432,0
6,2,3667.201578,0
6,4,779.81983,1
6,5,2445.79892,0
6,6,0.0,0
6,8,1242.184512,0
6,9,4012.437744,0
6,10,3834.789054,0
6,11,3703.43445,0
6,12,3577.043902,0
6,13,3318.538192,0
6,15,4102.871184,0
6,16,899.428842,0
6,17,2652.303367,0
6,18,2897.624497,0
6,19,2291.340755,0
6,20,1863.742968,0
6,21,3015.964539,0
6,22,2642.508075,0
6,23,4243.409698,0
6,24,3731.324527,0
6,25,4104.425708,0
6,26,2949.574108,0
6,27,2325.950333,0
6,28,2761.942639,0
6,29,2380.563523,0
6,30,1367.283057,0
6,31,1764.600216,0
6,32,349.898311,1
6,33,4075.944992,0
6,34,3879.260068,0
6,35,1249.238572,0
6,36,3760.205804,0
6,37,3603.265563,0
6,38,1934.811726,0
6,39,3195.626608,0
6,40,1980.391484,0
6,41,758.488946,1
6,42,3599.674932,0
6,44,4112.107146,0
6,45,3502.317136,0
6,46,1812.482117,0
6,47,2960.470365,0
6,48,1963.819875,0
6,49,727.818321,0
6,50,3984.034142,0
6,51,3591.303294,0
6,53,1142.547147,0
6,54,3399.97165,0
6,55,2628.850438,0
6,56,1208.019609,0
8,1,1821.348768,0
8,2,4115.072944,0
8,4,756.664175,1
8,5,1251.489063,0
8,6,1242.184512,0
8,8,0.0,0
8,9,2787.70911,0
8,10,2595.272159,0
8,11,2463.075072,0
8,12,2427.918058,0
8,13,2114.713416,0
8,15,5344.873064,0
8,16,959.938659,0
8,17,1412.761196,0
8,18,1657.682556,0
8,19,1075.591736,0
8,20,625.599826,1
8,21,1775.555109,0
8,22,1540.925748,0
8,23,3056.235433,0
8,24,2491.192936,0
8,25,2884.969457,0
8,26,1766.192893,0
8,27,1233.167329,0
8,28,1593.594628,0
8,29,1140.268566,0
8,30,953.598388,0
8,31,564.518172,1
8,32,958.088351,0
8,33,2870.139937,0
8,34,2644.470627,0
8,35,511.507041,1
8,36,2545.168945,0
8,37,2365.852884,0
8,38,1024.916494,0
8,39,1958.869795,0
8,40,807.645045,1
8,41,1370.052048,0
8,42,2367.582039,0
8,44,2888.34355,0
8,45,2277.713355,0
8,46,749.090706,0
8,47,1731.098609,0
8,48,1013.498649,0
8,49,530.271343,1
8,50,2781.912272,0
8,51,2349.163359,0
8,53,1534.771722,0
8,54,2158.171714,0
8,55,1453.529978,0
8,56,474.713819,1
9,1,1587.200986,0
9,2,5510.184784,0
9,4,3485.242481,0
9,5,1872.041798,0
9,6,4012.437744,0
9,8,2787.70911,0
9,9,0.0,0
9,10,367.895208,0
9,11,469.329899,0
9,12,1707.652496,0
9,13,1371.281713,0
9,15,8097.384677,0
9,16,3393.422796,0
9,17,1391.612687,0
9,18,1157.987693,0
9,19,1721.097225,0
9,20,2206.592819,0
9,21,1167.724471,0
9,22,2074.80019,0
9,23,498.990045,0
9,24,444.361993,0
9,25,121.912916,1
9,26,1109.950847,0
9,27,1794.963059,0
9,28,1791.948834,0
9,29,1718.151321,0
9,30,2976.836802,0
9,31,2247.854339,0
9,32,3691.466503,0
9,33,251.952178,0
9,34,229.889518,0
9,35,3016.842525,0
9,36,278.795696,1
9,37,870.608358,0
9,38,2285.34787,0
9,39,848.979424,0
9,40,2247.905108,0
9,41,3872.482951,0
9,42,433.825639,0
9,44,101.299296,1
9,45,1113.51364,0
9,46,2252.752725,0
9,47,1340.835077,0
9,48,2616.364216,0
9,49,3284.637103,0
9,50,277.101371,0
9,51,680.342792,0
9,53,3799.628502,0
9,54,746.590674,0
9,55,1419.734429,0
9,56,2855.083459,0
10,1,1239.312951,0
10,2,5610.727728,0
10,4,3258.517363,0
10,5,1577.579421,0
10,6,3834.789054,0
10,8,2595.272159,0
10,9,367.895208,0
10,10,0.0,0
10,11,136.008845,0
10,12,1341.810489,0
10,13,1007.500003,0
10,15,7936.192772,0
10,16,3283.068967,0
10,17,1182.665761,0
10,18,937.589671,0
10,19,1563.458627,0
10,20,1988.762497,0
10,21,876.66946,0
10,22,1737.911208,0
10,23,865.723485,0
10,24,106.515966,1
10,25,485.501489,0
10,26,1065.969727,0
10,27,1732.886523,0
10,28,1458.447666,0
10,29,1479.49219,0
10,30,2899.888472,0
10,31,2082.91799,0
10,32,3527.955221,0
10,33,612.647667,0
10,34,140.9778,1
10,35,2773.065791,0
10,36,435.901055,0
10,37,503.131297,0
10,38,2225.832128,0
10,39,642.407034,0
10,40,1985.506507,0
10,41,3764.758826,0
10,42,293.887228,1
10,44,441.354274,0
10,45,746.276146,0
10,46,2139.278538,0
10,47,1024.624621,0
10,48,2317.703592,0
10,49,3109.860068,0
10,50,609.66955,0
10,51,326.258943,0
10,53,3730.123124,0
10,54,450.827605,0
10,55,1337.260596,0
10,56,2720.27114,0
11,1,1119.649309,0
11,2,5541.130749,0
11,4,3123.238127,0
11,5,1442.953354,0
11,6,3703.43445,0
11,8,2463.075072,0
11,9,469.329899,0
11,10,136.008845,0
11,11,0.0,0
11,12,1269.090537,0
11,13,904.834973,0
11,15,7805.556452,0
11,16,3162.321191,0
11,17,1051.174618,0
11,18,805.816807,0
11,19,1438.287768,0
11,20,1854.670149,0
11,21,741.034314,0
11,22,1613.024473,0
11,23,955.682607,0
11,24,29.603693,1
11,25,590.863468,0
11,26,973.416752,0
11,27,1627.323192,0
11,28,1331.97605,0
11,29,1344.378085,0
11,30,2786.476568,0
11,31,1954.995352,0
11,32,3398.51325,0
11,33,698.477896,0
11,34,242.632408,0
11,35,2637.214487,0
11,36,461.357862,0
11,37,417.766065,0
11,38,2118.339119,0
11,39,516.803018,0
11,40,1849.50166,0
11,41,3643.930832,0
11,42,232.370469,0
11,44,554.329058,0
11,45,655.672697,0
11,46,2020.255791,0
11,47,892.504687,0
11,48,2183.983053,0
11,49,2979.287905,0
11,50,678.688484,0
11,51,211.710655,1
11,53,3616.91612,0
11,54,314.821358,0
11,55,1229.962597,0
11,56,2596.01227,0
12,1,636.065058,1
12,2,6244.068184,0
12,4,2839.781509,0
12,5,1184.772,0
12,6,3577.043902,0
12,8,2427.918058,0
12,9,1707.652496,0
12,10,1341.810489,0
12,11,1269.090537,0
12,12,0.0,0
12,13,475.614399,1
12,15,7553.045073,0
12,16,3348.564074,0
12,17,1432.750264,0
12,18,1321.414354,0
12,19,1812.801411,0
12,20,1847.396505,0
12,21,1044.834077,0
12,22,941.486766,0
12,23,2206.619901,0
12,24,1285.95393,0
12,25,1820.498338,0
12,26,1843.552578,0
12,27,2234.890811,0
12,28,834.780353,0
12,29,1438.631741,0
12,30,3133.076037,0
12,31,2140.427671,0
12,32,3357.995015,0
12,33,1954.447447,0
12,34,1482.670423,0
12,35,2335.804656,0
12,36,1724.660162,0
12,37,851.761191,0
12,38,2624.043523,0
12,39,1330.776608,0
12,40,1622.468301,0
12,41,3792.17574,0
12,42,1448.863568,0
12,44,1768.935855,0
12,45,625.441171,0
12,46,2374.956861,0
12,47,901.825337,0
12,48,1653.595154,0
12,49,2940.468098,0
12,50,1945.524609,0
12,51,1070.676925,0
12,53,3901.084562,0
12,54,1147.499304,0
12,55,1909.445701,0
12,56,2767.470687,0
13,1,322.014048,1
13,2,5799.677321,0
13,4,2623.869945,0
13,5,872.75212,0
13,6,3318.538192,0
13,8,2114.713416,0
13,9,1371.281713,0
13,10,1007.500003,0
13,11,904.834973,0
13,12,475.614399,1
13,13,0.0,0
13,15,7371.227742,0
13,16,2992.431946,0
13,17,975.150695,0
13,18,847.446932,0
13,19,1374.969443,0
13,20,1501.901539,0
13,21,570.67599,0
13,22,816.389324,0
13,23,1860.296651,0
13,24,927.921814,0
13,25,1491.406795,0
13,26,1368.561883,0
13,27,1776.153633,0
13,28,585.233439,0
13,29,1036.830291,0
13,30,2734.724252,0
13,31,1755.30573,0
13,32,3067.836272,0
13,33,1602.874369,0
13,34,1141.510522,0
13,35,2113.368289,0
13,36,1332.204477,0
13,37,510.585826,1
13,38,2186.455862,0
13,39,865.531148,0
13,40,1338.388059,0
13,41,3452.637243,0
13,42,1043.660271,0
13,44,1448.854084,0
13,45,275.570893,1
13,46,1959.434114,0
13,47,448.630947,1
13,48,1503.363078,0
13,49,2641.754523,0
13,50,1576.7088,0
13,51,693.330041,0
13,53,3527.542268,0
13,54,713.212815,0
13,55,1438.789443,0
13,56,2404.143261,0
15,1,7052.020541,0
15,2,4696.704485,0
15,4,4747.997218,0
15,5,6508.764512,0
15,6,4102.871184,0
15,8,5344.873064,0
15,9,8097.384677,0
15,10,7936.192772,0
15,11,7805.556452,0
15,12,7553.045073,0
15,13,7371.227742,0
15,15,0.0,0
15,16,4731.605371,0
15,17,6754.424569,0
15,18,6999.809597,0
15,19,6382.126861,0
15,20,5963.608632,0
15,21,7115.250662,0
15,22,6618.020252,0
15,23,8276.941713,0
15,24,7833.269398,0
15,25,8182.347084,0
15,26,7005.866399,0
15,27,6339.885882,0
15,28,6792.331063,0
15,29,6480.696184,0
15,30,5192.086695,0
15,31,5856.922489,0
15,32,4409.876243,0
15,33,8136.850066,0
15,34,7976.040884,0
15,35,5258.186457,0
15,36,7835.684094,0
15,37,7696.970563,0
15,38,5878.487744,0
15,39,7295.420285,0
15,40,6045.260902,0
15,41,4268.456978,0
15,42,7694.433214,0
15,44,8195.321878,0
15,45,7578.684532,0
15,46,5851.635732,0
15,47,7047.045051,0
15,48,5902.014643,0
15,49,4826.35111,0
15,50,8041.462241,0
15,51,7693.428175,0
15,53,4439.590922,0
15,54,7502.841725,0
15,55,6686.89693,0
15,56,5243.907181,0
16,1,2723.147022,0
16,2,3198.209287,0
16,4,1146.394435,0
16,5,2163.931316,0
16,6,899.428842,0
16,8,959.938659,0
16,9,3393.422796,0
16,10,3283.068967,0
16,11,3162.321191,0
16,12,3348.564074,0
16,13,2992.431946,0
16,15,4731.605371,0
16,16,0.0,0
16,17,2145.455611,0
16,18,2381.21368,0
16,19,1729.816031,0
16,20,1501.528304,0
16,21,2566.14675,0
16,22,2492.270479,0
16,23,3545.492614,0
16,24,3187.379091,0
16,25,3469.292667,0
16,26,2287.025605,0
16,27,1610.862871,0
16,28,2516.566006,0
16,29,1962.620026,0
16,30,490.143444,1
16,31,1247.366659,0
16,32,581.857096,1
16,33,3412.249812,0
16,34,3299.089055,0
16,35,1322.674015,0
16,36,3123.230307,0
16,37,3158.24776,0
16,38,1149.0227,0
16,39,2646.160276,0
16,40,1750.963031,0
16,41,481.689994,1
16,42,3015.822961,0
16,44,3488.081144,0
16,45,3115.330868,0
16,46,1145.019988,0
16,47,2571.881518,0
16,48,1961.086307,0
16,49,610.956001,1
16,50,3315.763559,0
16,51,3093.733197,0
16,53,575.425813,1
16,54,2886.409637,0
16,55,1973.688904,0
16,56,589.09597,1
17,1,841.759238,0
17,2,4825.360509,0
17,4,2093.83876,0
17,5,646.77558,0
17,6,2652.303367,0
17,8,1412.761196,0
17,9,1391.612687,0
17,10,1182.665761,0
17,11,1051.174618,0
17,12,1432.750264,0
17,13,975.150695,0
17,15,6754.424569,0
17,16,2145.455611,0
17,17,0.0,0
17,18,245.387105,1
17,19,425.848277,1
17,20,815.439958,0
17,21,438.995538,1
17,22,1047.929564,0
17,23,1726.238424,0
17,24,1079.021682,0
17,25,1497.016842,0
17,26,598.378193,1
17,27,802.392732,0
17,28,822.51844,0
17,29,345.025774,1
17,30,1818.474925,0
17,31,911.567631,0
17,32,2348.712881,0
17,33,1508.558598,0
17,34,1234.268251,0
17,35,1628.566014,0
17,36,1172.645803,0
17,37,1016.154667,0
17,38,1220.940376,0
17,39,548.2661,0
17,40,888.160383,0
17,41,2624.063469,0
17,42,962.381537,0
17,44,1492.910855,0
17,45,1010.014686,0
17,46,1032.026652,0
17,47,531.113095,0
17,48,1326.241577,0
17,49,1928.295683,0
17,50,1430.467843,0
17,51,953.18104,0
17,53,2638.683598,0
17,54,752.062617,0
17,55,504.668248,1
17,56,1565.221488,0
18,1,796.119922,0
18,2,4986.718441,0
18,4,2331.745923,0
18,5,778.218487,0
18,6,2897.624497,0
18,8,1657.682556,0
18,9,1157.987693,0
18,10,937.589671,0
18,11,805.816807,0
18,12,1321.414354,0
18,13,847.446932,0
18,15,6999.809597,0
18,16,2381.21368,0
18,17,245.387105,1
18,18,0.0,0
18,19,652.398204,0
18,20,1055.354746,0
18,21,276.774527,1
18,22,1116.389298,0
18,23,1518.736911,0
18,24,833.718541,0
18,25,1266.936064,0
18,26,549.601352,1
18,27,958.769226,0
18,28,854.793506,0
18,29,560.470507,0
18,30,2038.79128,0
18,31,1154.353957,0
18,32,2593.849748,0
18,33,1290.528567,0
18,34,992.498452,0
18,35,1858.910173,0
18,36,953.684963,0
18,37,795.092365,0
18,38,1413.878344,0
18,39,309.272955,1
18,40,1096.574532,0
18,41,2861.119857,0
18,42,725.476641,0
18,44,1259.147809,0
18,45,825.352369,0
18,46,1255.020232,0
18,47,449.219366,0
18,48,1503.034649,0
18,49,2173.673094,0
18,50,1217.925725,0
18,51,712.812942,0
18,53,2864.068817,0
18,54,508.393627,0
18,55,595.295785,0
18,56,1804.521874,0
19,1,1190.027626,0
19,2,4431.32897,0
19,4,1806.309046,0
19,5,802.163241,0
19,6,2291.340755,0
19,8,1075.591736,0
19,9,1721.097225,0
19,10,1563.458627,0
19,11,1438.287768,0
19,12,1812.801411,0
19,13,1374.969443,0
19,15,6382.126861,0
19,16,1729.816031,0
19,17,425.848277,1
19,18,652.398204,0
19,19,0.0,0
19,20,574.694056,0
19,21,863.308133,0
19,22,1248.632561,0
19,23,1982.400347,0
19,24,1464.386945,0
19,25,1814.185228,0
19,26,703.285302,0
19,27,474.1448,1
19,28,1094.332282,0
19,29,422.095566,1
19,30,1392.65042,0
19,31,526.790655,1
19,32,1972.682299,0
19,33,1794.754512,0
19,34,1594.498849,0
19,35,1391.610836,0
19,36,1471.811177,0
19,37,1440.512697,0
19,38,812.327217,0
19,39,921.67217,0
19,40,798.914347,0
19,41,2210.415353,0
19,42,1312.357934,0
19,44,1820.828165,0
19,45,1432.829964,0
19,46,606.270734,1
19,47,926.495505,0
19,48,1287.761083,0
19,49,1563.541846,0
19,50,1706.320538,0
19,51,1364.11757,0
19,53,2214.060008,0
19,54,1156.630837,0
19,55,417.57866,1
19,56,1157.849597,0
20,1,1222.49186,0
20,2,4510.020137,0
20,4,1278.662334,0
20,5,663.728939,0
20,6,1863.742968,0
20,8,625.599826,1
20,9,2206.592819,0
20,10,1988.762497,0
20,11,1854.670149,0
20,12,1847.396505,0
20,13,1501.901539,0
20,15,5963.608632,0
20,16,1501.528304,0
20,17,815.439958,0
20,18,1055.354746,0
20,19,574.694056,0
20,20,0.0,0
20,21,1152.290931,0
20,22,1034.785901,0
20,23,2519.163692,0
20,24,1883.363836,0
20,25,2310.535095,0
20,26,1268.938788,0
20,27,933.760412,0
20,28,1018.05328,0
20,29,517.118179,1
20,30,1320.574601,0
20,31,358.830956,1
20,32,1583.223341,0
20,33,2313.570351,0
20,34,2047.84412,0
20,35,827.805618,0
20,36,1980.394905,0
20,37,1740.683981,0
20,38,1008.978146,0
20,39,1362.897922,0
20,40,331.709825,1
20,41,1952.874782,0
20,42,1777.786092,0
20,44,2307.871305,0
20,45,1654.073971,0
20,46,678.356824,0
20,47,1106.601285,0
20,48,787.100152,0
20,49,1155.536147,0
20,50,2231.022545,0
20,51,1730.508718,0
20,53,2055.528054,0
20,54,1545.060222,0
20,55,992.146878,0
20,56,921.081906,0
21,1,549.679317,0
21,2,5250.992907,0
21,4,2398.640201,0
21,5,705.454067,0
21,6,3015.964539,0
21,8,1775.555109,0
21,9,1167.724471,0
21,10,876.66946,0
21,11,741.034314,0
21,12,1044.834077,0
21,13,570.67599,0
21,15,7115.250662,0
21,16,2566.14675,0
21,17,438.995538,1
21,18,276.774527,1
21,19,863.308133,0
21,20,1152.290931,0
21,21,0.0,0
21,22,947.621186,0
21,23,1591.205883,0
21,24,770.637772,0
21,25,1286.239769,0
21,26,811.011525,0
21,27,1220.963069,0
21,28,667.134611,0
21,29,635.449701,1
21,30,2254.53819,0
21,31,1320.85001,0
21,32,2729.150157,0
21,33,1344.546201,0
21,34,966.645152,0
21,35,1904.707418,0
21,36,1018.591075,0
21,37,595.208098,0
21,38,1657.876756,0
21,39,389.82687,1
21,40,1111.691207,0
21,41,3041.254952,0
21,42,744.683438,0
21,44,1265.003461,0
21,45,571.223227,0
21,46,1468.201883,0
21,47,208.24304,1
21,48,1449.43536,0
21,49,2302.955193,0
21,50,1287.458363,0
21,51,585.591168,1
21,53,3070.910402,0
21,54,428.322776,1
21,55,869.820326,0
21,56,1980.392749,0
22,1,511.040584,0
22,2,5543.51272,0
22,4,1898.650316,0
22,5,446.593912,1
22,6,2642.508075,0
22,8,1540.925748,0
22,9,2074.80019,0
22,10,1737.911208,0
22,11,1613.024473,0
22,12,941.486766,0
22,13,816.389324,0
22,15,6618.020252,0
22,16,2492.270479,0
22,17,1047.929564,0
22,18,1116.389298,0
22,19,1248.632561,0
22,20,1034.785901,0
22,21,947.621186,0
22,22,0.0,0
22,23,2527.142346,0
22,24,1640.897233,0
22,25,2196.428277,0
22,26,1635.895364,0
22,27,1722.728829,0
22,28,284.071715,1
22,29,828.851867,0
22,30,2354.629289,0
22,31,1380.043962,0
22,32,2439.019867,0
22,33,2274.871278,0
22,34,1854.797484,0
22,35,1396.686782,0
22,36,1958.625425,0
22,37,1286.584455,0
22,38,1980.2341,0
22,39,1335.526635,0
22,40,742.50269,0
22,41,2909.962676,0
22,42,1674.807126,0
22,44,2165.471305,0
22,45,1080.044452,0
22,46,1674.116291,0
22,47,747.230209,0
22,48,716.139164,1
22,49,2031.229223,0
22,50,2225.425512,0
22,51,1412.209985,0
22,53,3061.385912,0
22,54,1333.299212,0
22,55,1533.639485,0
22,56,1935.052621,0
23,1,2056.317292,0
23,2,5350.459789,0
23,4,3786.19784,0
23,5,2279.1083,0
23,6,4243.409698,0
23,8,3056.235433,0
23,9,498.990045,0
23,10,865.723485,0
23,11,955.682607,0
23,12,2206.619901,0
23,13,1860.296651,0
23,15,8276.941713,0
23,16,3545.492614,0
23,17,1726.238424,0
23,18,1518.736911,0
23,19,1982.400347,0
23,20,2519.163692,0
23,21,1591.205883,0
23,22,2527.142346,0
23,23,0.0,0
23,24,933.572642,0
23,25,390.328252,0
23,26,1295.156865,0
23,27,1938.41962,0
23,28,2243.080001,0
23,29,2069.032914,0
23,30,3094.073249,0
23,31,2496.447029,0
23,32,3908.042005,0
23,33,257.548331,1
23,34,725.613008,0
23,35,3345.373113,0
23,36,573.294064,0
23,37,1366.43709,0
23,38,2401.458364,0
23,39,1226.402309,0
23,40,2611.436288,0
23,41,4013.245675,0
23,42,852.35155,0
23,44,448.129106,0
23,45,1608.417307,0
23,46,2438.27518,0
23,47,1781.678044,0
23,48,3017.535096,0
23,49,3521.8952,0
23,50,304.080498,0
23,51,1166.975968,0
23,53,3890.815038,0
23,54,1196.159981,0
23,55,1615.064354,0
23,56,3049.788696,0
24,1,1146.420516,0
24,2,5554.131545,0
24,4,3152.355791,0
24,5,1472.480644,0
24,6,3731.324527,0
24,8,2491.192936,0
24,9,444.361993,0
24,10,106.515966,1
24,11,29.603693,1
24,12,1285.95393,0
24,13,927.921814,0
24,15,7833.269398,0
24,16,3187.379091,0
24,17,1079.021682,0
24,18,833.718541,0
24,19,1464.386945,0
24,20,1883.363836,0
24,21,770.637772,0
24,22,1640.897233,0
24,23,933.572642,0
24,24,0.0,0
24,25,565.546697,0
24,26,990.960984,0
24,27,1648.41145,0
24,28,1360.124579,0
24,29,1373.421788,0
24,30,2809.668108,0
24,31,1981.887771,0
24,32,3425.865029,0
24,33,676.776318,0
24,34,216.171314,0
24,35,2666.586463,0
24,36,450.319539,0
24,37,435.958501,0
24,38,2139.997578,0
24,39,542.722112,0
24,40,1879.036718,0
24,41,3669.025707,0
24,42,238.449647,1
24,44,527.719951,0
24,45,675.794557,0
24,46,2044.801039,0
24,47,921.642768,0
24,48,2213.402013,0
24,49,3006.947004,0
24,50,660.067884,0
24,51,235.993316,1
24,53,3640.102624,0
24,54,344.329697,1
24,55,1251.359193,0
24,56,2621.954601,0
25,1,1709.100782,0
25,2,5517.737992,0
25,4,3588.968704,0
25,5,1989.617533,0
25,6,4104.425708,0
25,8,2884.969457,0
25,9,121.912916,1
25,10,485.501489,0
25,11,590.863468,0
25,12,1820.498338,0
25,13,1491.406795,0
25,15,8182.347084,0
25,16,3469.292667,0
25,17,1497.016842,0
25,18,1266.936064,0
25,19,1814.185228,0
25,20,2310.535095,0
25,21,1286.239769,0
25,22,2196.428277,0
25,23,390.328252,0
25,24,565.546697,0
25,25,0.0,0
25,26,1182.309961,0
25,27,1864.114521,0
25,28,1913.457289,0
25,29,1827.401209,0
25,30,3044.665457,0
25,31,2340.284373,0
25,32,3780.421846,0
25,33,168.107002,1
25,34,350.079319,0
25,35,3124.563427,0
25,36,346.792394,1
25,37,988.610622,0
25,38,2350.897055,0
25,39,958.996723,0
25,40,2360.073079,0
25,41,3946.77531,0
25,42,547.144878,0
25,44,63.048669,1
25,45,1231.776233,0
25,46,2332.744708,0
25,47,1461.400534,0
25,48,2733.845153,0
25,49,3376.933517,0
25,50,232.256033,1
25,51,801.524069,0
25,53,3863.481363,0
25,54,867.08796,0
25,55,1497.509459,0
25,56,2938.495514,0
26,1,1345.635538,0
26,2,4583.820297,0
26,4,2506.961192,0
26,5,1245.147704,0
26,6,2949.574108,0
26,8,1766.192893,0
26,9,1109.950847,0
26,10,1065.969727,0
26,11,973.416752,0
26,12,1843.552578,0
26,13,1368.561883,0
26,15,7005.866399,0
26,16,2287.025605,0
26,17,598.378193,1
26,18,549.601352,1
26,19,703.285302,0
26,20,1268.938788,0
26,21,811.011525,0
26,22,1635.895364,0
26,23,1295.156865,0
26,24,990.960984,0
26,25,1182.309961,0
26,26,0.0,0
26,27,685.388035,1
26,28,1390.270309,0
26,29,914.489025,0
26,30,1867.165774,0
26,31,1203.532523,0
26,32,2616.778442,0
26,33,1131.664955,0
26,34,1045.49071,0
26,35,2093.048654,0
26,36,836.677726,0
26,37,1171.471375,0
26,38,1177.636418,0
26,39,547.73181,1
26,40,1434.588487,0
26,41,2764.566006,0
26,42,774.359406,0
26,44,1202.543543,0
26,45,1284.444089,0
26,46,1154.31136,0
26,47,998.095847,0
26,48,1901.13786,0
26,49,2226.885657,0
26,50,1037.423074,0
26,51,1001.281476,0
26,53,2691.808214,0
26,54,805.273134,0
26,55,320.979172,1
26,56,1764.039561,0
27,1,1631.58938,0
27,2,4030.073748,0
27,4,1989.199456,0
27,5,1276.302328,0
27,6,2325.950333,0
27,8,1233.167329,0
27,9,1794.963059,0
27,10,1732.886523,0
27,11,1627.323192,0
27,12,2234.890811,0
27,13,1776.153633,0
27,15,6339.885882,0
27,16,1610.862871,0
27,17,802.392732,0
27,18,958.769226,0
27,19,474.1448,1
27,20,933.760412,0
27,21,1220.963069,0
27,22,1722.728829,0
27,23,1938.41962,0
27,24,1648.41145,0
27,25,1864.114521,0
27,26,685.388035,1
27,27,0.0,0
27,28,1560.2805,0
27,29,895.071491,0
27,30,1181.880885,0
27,31,695.00603,0
27,32,1982.991567,0
27,33,1801.702527,0
27,34,1725.269138,0
27,35,1660.540762,0
27,36,1520.191971,0
27,37,1738.438253,0
27,38,493.974353,1
27,39,1136.721409,0
27,40,1222.246399,0
27,41,2084.866568,0
27,42,1447.734192,0
27,44,1886.603371,0
27,45,1783.862846,0
27,46,515.722781,1
27,47,1333.489849,0
27,48,1708.185919,0
27,49,1622.182123,0
27,50,1705.02459,0
27,51,1611.434115,0
27,53,2006.847973,0
27,54,1401.018688,0
27,55,397.779129,1
27,56,1119.830196,0
28,1,263.284417,1
28,2,5480.543248,0
28,4,2048.515695,0
28,5,354.847053,1
28,6,2761.942639,0
28,8,1593.594628,0
28,9,1791.948834,0
28,10,1458.447666,0
28,11,1331.97605,0
28,12,834.780353,0
28,13,585.233439,0
28,15,6792.331063,0
28,16,2516.566006,0
28,17,822.51844,0
28,18,854.793506,0
28,19,1094.332282,0
28,20,1018.05328,0
28,21,667.134611,0
28,22,284.071715,1
28,23,2243.080001,0
28,24,1360.124579,0
28,25,1913.457289,0
28,26,1390.270309,0
28,27,1560.2805,0
28,28,0.0,0
28,29,677.146515,0
28,30,2323.479688,0
28,31,1329.967625,0
28,32,2529.80893,0
28,33,1990.833402,0
28,34,1573.162167,0
28,35,1538.334062,0
28,36,1674.839232,0
28,37,1020.309121,0
28,38,1875.095967,0
28,39,1056.501809,0
28,40,790.493632,0
28,41,2957.530006,0
28,42,1390.739781,0
28,44,1883.296563,0
28,45,829.514864,0
28,46,1593.183052,0
28,47,464.148885,1
28,48,919.62735,0
28,49,2109.286668,0
28,50,1941.447127,0
28,51,1133.705443,0
28,53,3073.550843,0
28,54,1049.428593,0
28,55,1323.828904,0
28,56,1939.093688,0
29,1,803.65127,0
29,2,4816.858655,0
29,4,1779.105107,0
29,5,384.141798,1
29,6,2380.563523,0
29,8,1140.268566,0
29,9,1718.151321,0
29,10,1479.49219,0
29,11,1344.378085,0
29,12,1438.631741,0
29,13,1036.830291,0
29,15,6480.696184,0
29,16,1962.620026,0
29,17,345.025774,1
29,18,560.470507,0
29,19,422.095566,1
29,20,517.118179,1
29,21,635.449701,1
29,22,828.851867,0
29,23,2069.032914,0
29,24,1373.421788,0
29,25,1827.401209,0
29,26,914.489025,0
29,27,895.071491,0
29,28,677.146515,0
29,29,0.0,0
29,30,1700.401604,0
29,31,719.209291,1
29,32,2095.228523,0
29,33,1847.345844,0
29,34,1546.487565,0
29,35,1299.537385,0
29,36,1510.613953,0
29,37,1226.408309,0
29,38,1201.572971,0
29,39,869.171972,0
29,40,543.302424,1
29,41,2430.160226,0
29,42,1285.003007,0
29,44,1819.229862,0
29,45,1155.462348,0
29,46,936.536368,0
29,47,609.468552,1
29,48,988.562659,0
29,49,1668.420848,0
29,50,1771.479479,0
29,51,1214.029553,0
29,53,2491.244679,0
29,54,1032.163145,0
29,55,732.797039,0
29,56,1373.529612,0
30,1,2497.245738,0
30,2,3199.079919,0
30,4,1427.786054,0
30,5,1970.210779,0
30,6,1367.283057,0
30,8,953.598388,0
30,9,2976.836802,0
30,10,2899.888472,0
30,11,2786.476568,0
30,12,3133.076037,0
30,13,2734.724252,0
30,15,5192.086695,0
30,16,490.143444,1
30,17,1818.474925,0
30,18,2038.79128,0
30,19,1392.65042,0
30,20,1320.574601,0
30,21,2254.53819,0
30,22,2354.629289,0
30,23,3094.073249,0
30,24,2809.668108,0
30,25,3044.665457,0
30,26,1867.165774,0
30,27,1181.880885,0
30,28,2323.479688,0
30,29,1700.401604,0
30,30,0.0,0
30,31,994.273127,0
30,32,1027.67011,0
30,33,2975.795287,0
30,34,2901.867428,0
30,35,1433.705493,0
30,36,2701.697899,0
30,37,2831.936059,0
30,38,695.133768,1
30,39,2277.261972,0
30,40,1624.29479,0
30,41,923.932211,0
30,42,2621.299376,0
30,44,3068.189389,0
30,45,2820.94067,0
30,46,786.501251,1
30,47,2294.615756,0
30,48,1945.324354,0
30,49,875.328632,0
30,50,2878.242269,0
30,51,2741.454252,0
30,53,830.44122,0
30,54,2530.517877,0
30,55,1566.629881,0
30,56,479.053487,1
31,1,1505.351173,0
31,2,4164.590189,0
31,4,1316.124479,0
31,5,978.007025,0
31,6,1764.600216,0
31,8,564.518172,1
31,9,2247.854339,0
31,10,2082.91799,0
31,11,1954.995352,0
31,12,2140.427671,0
31,13,1755.30573,0
31,15,5856.922489,0
31,16,1247.366659,0
31,17,911.567631,0
31,18,1154.353957,0
31,19,526.790655,1
31,20,358.830956,1
31,21,1320.85001,0
31,22,1380.043962,0
31,23,2496.447029,0
31,24,1981.887771,0
31,25,2340.284373,0
31,26,1203.532523,0
31,27,695.00603,0
31,28,1329.967625,0
31,29,719.209291,1
31,30,994.273127,0
31,31,0.0,0
31,32,1447.052505,0
31,33,2316.820893,0
31,34,2119.119022,0
31,35,965.639746,0
31,36,1996.945655,0
31,37,1914.953128,0
31,38,658.92595,0
31,39,1440.618583,0
31,40,689.816656,0
31,41,1720.523125,0
31,42,1837.788765,0
31,44,2347.50981,0
31,45,1868.208745,0
31,46,324.675156,1
31,47,1326.536249,0
31,48,1121.51481,0
31,49,1036.840142,0
31,50,2226.806419,0
31,51,1864.720173,0
31,53,1772.252404,0
31,54,1662.710133,0
31,55,889.222529,0
31,56,659.785398,1
32,1,2767.894315,0
32,2,3576.656689,0
32,4,714.661601,1
32,5,2198.443639,0
32,6,349.898311,1
32,8,958.088351,0
32,9,3691.466503,0
32,10,3527.955221,0
32,11,3398.51325,0
32,12,3357.995015,0
32,13,3067.836272,0
32,15,4409.876243,0
32,16,581.857096,1
32,17,2348.712881,0
32,18,2593.849748,0
32,19,1972.682299,0
32,20,1583.223341,0
32,21,2729.150157,0
32,22,2439.019867,0
32,23,3908.042005,0
32,24,3425.865029,0
32,25,3780.421846,0
32,26,2616.778442,0
32,27,1982.991567,0
32,28,2529.80893,0
32,29,2095.228523,0
32,30,1027.67011,0
32,31,1447.052505,0
32,32,0.0,0
32,33,3746.340704,0
32,34,3566.170101,0
32,35,1084.141624,0
32,36,3434.884568,0
32,37,3321.635317,0
32,38,1585.24673,0
32,39,2886.305647,0
32,40,1739.711813,0
32,41,609.481059,1
32,42,3284.730679,0
32,44,3790.380132,0
32,45,3235.685283,0
32,46,1471.894919,0
32,47,2689.185981,0
32,48,1798.490101,0
32,49,427.817842,1
32,50,3653.376131,0
32,51,3296.270619,0
32,53,953.27443,0
32,54,3100.053756,0
32,55,2295.800263,0
32,56,863.275522,0
33,1,1800.342591,0
33,2,5378.646576,0
33,4,3588.212046,0
33,5,2039.141411,0
33,6,4075.944992,0
33,8,2870.139937,0
33,9,251.952178,0
33,10,612.647667,0
33,11,698.477896,0
33,12,1954.447447,0
33,13,1602.874369,0
33,15,8136.850066,0
33,16,3412.249812,0
33,17,1508.558598,0
33,18,1290.528567,0
33,19,1794.754512,0
33,20,2313.570351,0
33,21,1344.546201,0
33,22,2274.871278,0
33,23,257.548331,1
33,24,676.776318,0
33,25,168.107002,1
33,26,1131.664955,0
33,27,1801.702527,0
33,28,1990.833402,0
33,29,1847.345844,0
33,30,2975.795287,0
33,31,2316.820893,0
33,32,3746.340704,0
33,33,0.0,0
33,34,471.787384,0
33,35,3135.584273,0
33,36,336.888846,0
33,37,1110.844097,0
33,38,2280.664686,0
33,39,990.295498,0
33,40,2386.936179,0
33,41,3886.359383,0
33,42,601.237958,0
33,44,231.036825,0
33,45,1352.232852,0
33,46,2285.797716,0
33,47,1531.174796,0
33,48,2780.716167,0
33,49,3350.298775,0
33,50,98.158998,1
33,51,909.591851,0
33,53,3787.224492,0
33,54,942.136366,0
33,55,1451.950042,0
33,56,2895.680536,0
34,1,1362.272219,0
34,2,5548.933175,0
34,4,3323.584337,0
34,5,1671.865599,0
34,6,3879.260068,0
34,8,2644.470627,0
34,9,229.889518,0
34,10,140.9778,1
34,11,242.632408,0
34,12,1482.670423,0
34,13,1141.510522,0
34,15,7976.040884,0
34,16,3299.089055,0
34,17,1234.268251,0
34,18,992.498452,0
34,19,1594.498849,0
34,20,2047.84412,0
34,21,966.645152,0
34,22,1854.797484,0
34,23,725.613008,0
34,24,216.171314,0
34,25,350.079319,0
34,26,1045.49071,0
34,27,1725.269138,0
34,28,1573.162167,0
34,29,1546.487565,0
34,30,2901.867428,0
34,31,2119.119022,0
34,32,3566.170101,0
34,33,471.787384,0
34,34,0.0,0
34,35,2845.215525,0
34,36,321.953812,1
34,37,641.333359,0
34,38,2219.225922,0
34,39,686.138809,0
34,40,2065.044377,0
34,41,3780.341896,0
34,42,283.52862,1
34,44,311.70212,0
34,45,883.986215,0
34,46,2154.105179,0
34,47,1128.875579,0
34,48,2415.155542,0
34,49,3152.299635,0
34,50,470.121956,0
34,51,451.827147,0
34,53,3730.43842,0
34,54,538.971225,0
34,55,1335.238848,0
34,56,2745.344633,0
35,1,1795.396981,0
35,2,4520.774539,0
35,4,510.560477,1
35,5,1253.411749,0
35,6,1249.238572,0
35,8,511.507041,1
35,9,3016.842525,0
35,10,2773.065791,0
35,11,2637.214487,0
35,12,2335.804656,0
35,13,2113.368289,0
35,15,5258.186457,0
35,16,1322.674015,0
35,17,1628.566014,0
35,18,1858.910173,0
35,19,1391.610836,0
35,20,827.805618,0
35,21,1904.707418,0
35,22,1396.686782,0
35,23,3345.373113,0
35,24,2666.586463,0
35,25,3124.563427,0
35,26,2093.048654,0
35,27,1660.540762,0
35,28,1538.334062,0
35,29,1299.537385,0
35,30,1433.705493,0
35,31,965.639746,0
35,32,1084.141624,0
35,33,3135.584273,0
35,34,2845.215525,0
35,35,0.0,0
35,36,2800.581078,0
35,37,2459.534215,0
35,38,1522.770973,0
35,39,2168.11185,0
35,40,797.389186,1
35,41,1635.174164,0
35,42,2584.227089,0
35,44,3118.033966,0
35,45,2323.959497,0
35,46,1222.752587,0
35,47,1805.282037,0
35,48,718.455174,1
35,49,735.07927,1
35,50,3054.921587,0
35,51,2489.915693,0
35,53,1883.87653,0
35,54,2322.704602,0
35,55,1803.821852,0
35,56,960.961871,0
36,1,1499.16625,0
36,2,5250.513537,0
36,4,3256.892585,0
36,5,1706.557052,0
36,6,3760.205804,0
36,8,2545.168945,0
36,9,278.795696,1
36,10,435.901055,0
36,11,461.357862,0
36,12,1724.660162,0
36,13,1332.204477,0
36,15,7835.684094,0
36,16,3123.230307,0
36,17,1172.645803,0
36,18,953.684963,0
36,19,1471.811177,0
36,20,1980.394905,0
36,21,1018.591075,0
36,22,1958.625425,0
36,23,573.294064,0
36,24,450.319539,0
36,25,346.792394,1
36,26,836.677726,0
36,27,1520.191971,0
36,28,1674.839232,0
36,29,1510.613953,0
36,30,2701.697899,0
36,31,1996.945655,0
36,32,3434.884568,0
36,33,336.888846,0
36,34,321.953812,1
36,35,2800.581078,0
36,36,0.0,0
36,37,873.710013,0
36,38,2009.090446,0
36,39,655.038491,0
36,40,2050.049174,0
36,41,3601.186383,0
36,42,291.2117,1
36,44,366.511149,1
36,45,1103.251208,0
36,46,1985.97834,0
36,47,1211.747268,0
36,48,2446.525813,0
36,49,3033.056088,0
36,50,269.216652,1
36,51,654.25665,0
36,53,3522.972833,0
36,54,636.710254,0
36,55,1150.836,0
36,56,2591.794153,0
37,1,776.108613,0
37,2,5744.15412,0
37,4,2962.78002,0
37,5,1213.264754,0
37,6,3603.265563,0
37,8,2365.852884,0
37,9,870.608358,0
37,10,503.131297,0
37,11,417.766065,0
37,12,851.761191,0
37,13,510.585826,1
37,15,7696.970563,0
37,16,3158.24776,0
37,17,1016.154667,0
37,18,795.092365,0
37,19,1440.512697,0
37,20,1740.683981,0
37,21,595.208098,0
37,22,1286.584455,0
37,23,1366.43709,0
37,24,435.958501,0
37,25,988.610622,0
37,26,1171.471375,0
37,27,1738.438253,0
37,28,1020.309121,0
37,29,1226.408309,0
37,30,2831.936059,0
37,31,1914.953128,0
37,32,3321.635317,0
37,33,1110.844097,0
37,34,641.333359,0
37,35,2459.534215,0
37,36,873.710013,0
37,37,0.0,0
37,38,2206.417687,0
37,39,625.40869,0
37,40,1662.40322,0
37,41,3634.706555,0
37,42,605.509636,0
37,44,943.041556,0
37,45,243.226474,1
37,46,2046.380848,0
37,47,654.258827,1
37,48,1923.853942,0
37,49,2894.713963,0
37,50,1095.938697,0
37,51,223.111051,1
37,53,3654.507373,0
37,54,368.783279,0
37,55,1351.129713,0
37,56,2573.957594,0
38,1,1996.831609,0
38,2,3620.322584,0
38,4,1736.478688,0
38,5,1545.965136,0
38,6,1934.811726,0
38,8,1024.916494,0
38,9,2285.34787,0
38,10,2225.832128,0
38,11,2118.339119,0
38,12,2624.043523,0
38,13,2186.455862,0
38,15,5878.487744,0
38,16,1149.0227,0
38,17,1220.940376,0
38,18,1413.878344,0
38,19,812.327217,0
38,20,1008.978146,0
38,21,1657.876756,0
38,22,1980.2341,0
38,23,2401.458364,0
38,24,2139.997578,0
38,25,2350.897055,0
38,26,1177.636418,0
38,27,493.974353,1
38,28,1875.095967,0
38,29,1201.572971,0
38,30,695.133768,1
38,31,658.92595,0
38,32,1585.24673,0
38,33,2280.664686,0
38,34,2219.225922,0
38,35,1522.770973,0
38,36,2009.090446,0
38,37,2206.417687,0
38,38,0.0,0
38,39,1620.331816,0
38,40,1339.740104,0
38,41,1611.874451,0
38,42,1941.568038,0
38,44,2375.566526,0
38,45,2228.706947,0
38,46,334.520739,1
38,47,1737.824925,0
38,48,1780.207352,0
38,49,1279.111049,0
38,50,2183.109139,0
38,51,2092.926794,0
38,53,1514.411724,0
38,54,1881.540415,0
38,55,888.766699,0
38,56,744.171611,0
39,1,927.012344,0
39,2,5120.745242,0
39,4,2640.325151,0
39,5,1053.030771,0
39,6,3195.626608,0
39,8,1958.869795,0
39,9,848.979424,0
39,10,642.407034,0
39,11,516.803018,0
39,12,1330.776608,0
39,13,865.531148,0
39,15,7295.420285,0
39,16,2646.160276,0
39,17,548.2661,0
39,18,309.272955,1
39,19,921.67217,0
39,20,1362.897922,0
39,21,389.82687,1
39,22,1335.526635,0
39,23,1226.402309,0
39,24,542.722112,0
39,25,958.996723,0
39,26,547.73181,1
39,27,1136.721409,0
39,28,1056.501809,0
39,29,869.171972,0
39,30,2277.261972,0
39,31,1440.618583,0
39,32,2886.305647,0
39,33,990.295498,0
39,34,686.138809,0
39,35,2168.11185,0
39,36,655.038491,0
39,37,625.40869,0
39,38,1620.331816,0
39,39,0.0,0
39,40,1401.557618,0
39,41,3127.680669,0
39,42,416.204269,1
39,44,950.071856,0
39,45,743.480459,0
39,46,1505.615179,0
39,47,596.988562,0
39,48,1791.568705,0
39,49,2469.572707,0
39,50,922.976702,0
39,51,474.961203,0
39,53,3107.251712,0
39,54,266.299552,1
39,55,740.911329,0
39,56,2079.260548,0
40,1,1030.42337,0
40,2,4822.012202,0
40,4,1301.311037,0
40,5,466.115741,1
40,6,1980.391484,0
40,8,807.645045,1
40,9,2247.905108,0
40,10,1985.506507,0
40,11,1849.50166,0
40,12,1622.468301,0
40,13,1338.388059,0
40,15,6045.260902,0
40,16,1750.963031,0
40,17,888.160383,0
40,18,1096.574532,0
40,19,798.914347,0
40,20,331.709825,1
40,21,1111.691207,0
40,22,742.50269,0
40,23,2611.436288,0
40,24,1879.036718,0
40,25,2360.073079,0
40,26,1434.588487,0
40,27,1222.246399,0
40,28,790.493632,0
40,29,543.302424,1
40,30,1624.29479,0
40,31,689.816656,0
40,32,1739.711813,0
40,33,2386.936179,0
40,34,2065.044377,0
40,35,797.389186,1
40,36,2050.049174,0
40,37,1662.40322,0
40,38,1339.740104,0
40,39,1401.557618,0
40,40,0.0,0
40,41,2176.984862,0
40,42,1814.130788,0
40,44,2348.381715,0
40,45,1533.468109,0
40,46,1009.995252,0
40,47,1008.165724,0
40,48,489.640313,1
40,49,1318.836333,0
40,50,2312.787394,0
40,51,1695.393936,0
40,53,2319.00893,0
40,54,1534.724679,0
40,55,1201.456826,0
40,56,1193.545234,0
41,1,3174.447184,0
41,2,2967.438426,0
41,4,1320.729766,0
41,5,2608.937595,0
41,6,758.488946,1
41,8,1370.052048,0
41,9,3872.482951,0
41,10,3764.758826,0
41,11,3643.930832,0
41,12,3792.17574,0
41,13,3452.637243,0
41,15,4268.456978,0
41,16,481.689994,1
41,17,2624.063469,0
41,18,2861.119857,0
41,19,2210.415353,0
41,20,1952.874782,0
41,21,3041.254952,0
41,22,2909.962676,0
41,23,4013.245675,0
41,24,3669.025707,0
41,25,3946.77531,0
41,26,2764.566006,0
41,27,2084.866568,0
41,28,2957.530006,0
41,29,2430.160226,0
41,30,923.932211,0
41,31,1720.523125,0
41,32,609.481059,1
41,33,3886.359383,0
41,34,3780.341896,0
41,35,1635.174164,0
41,36,3601.186383,0
41,37,3634.706555,0
41,38,1611.874451,0
41,39,3127.680669,0
41,40,2176.984862,0
41,41,0.0,0
41,42,3497.154809,0
41,44,3966.58182,0
41,45,3585.210759,0
41,46,1626.453762,0
41,47,3039.481555,0
41,48,2325.482664,0
41,49,904.476472,0
41,50,3789.446964,0
41,51,3573.857029,0
41,53,386.242721,1
41,54,3367.029543,0
41,55,2452.999768,0
41,56,1060.864655,0
42,1,1209.014499,0
42,2,5320.041281,0
42,4,3055.863344,0
42,5,1444.55962,0
42,6,3599.674932,0
42,8,2367.582039,0
42,9,433.825639,0
42,10,293.887228,1
42,11,232.370469,0
42,12,1448.863568,0
42,13,1043.660271,0
42,15,7694.433214,0
42,16,3015.822961,0
42,17,962.381537,0
42,18,725.476641,0
42,19,1312.357934,0
42,20,1777.786092,0
42,21,744.683438,0
42,22,1674.807126,0
42,23,852.35155,0
42,24,238.449647,1
42,25,547.144878,0
42,26,774.359406,0
42,27,1447.734192,0
42,28,1390.739781,0
42,29,1285.003007,0
42,30,2621.299376,0
42,31,1837.788765,0
42,32,3284.730679,0
42,33,601.237958,0
42,34,283.52862,1
42,35,2584.227089,0
42,36,291.2117,1
42,37,605.509636,0
42,38,1941.568038,0
42,39,416.204269,1
42,40,1814.130788,0
42,41,3497.154809,0
42,42,0.0,0
42,44,534.569002,0
42,45,823.960973,0
42,46,1870.808531,0
42,47,930.039553,0
42,48,2188.331524,0
42,49,2872.283359,0
42,50,551.794561,0
42,51,382.398599,0
42,53,3450.582131,0
42,54,346.232236,1
42,55,1055.059637,0
42,56,2461.939496,0
44,1,1673.974232,0
44,2,5567.570045,0
44,4,3586.524715,0
44,5,1969.926011,0
44,6,4112.107146,0
44,8,2888.34355,0
44,9,101.299296,1
44,10,441.354274,0
44,11,554.329058,0
44,12,1768.935855,0
44,13,1448.854084,0
44,15,8195.321878,0
44,16,3488.081144,0
44,17,1492.910855,0
44,18,1259.147809,0
44,19,1820.828165,0
44,20,2307.871305,0
44,21,1265.003461,0
44,22,2165.471305,0
44,23,448.129106,0
44,24,527.719951,0
44,25,63.048669,1
44,26,1202.543543,0
44,27,1886.603371,0
44,28,1883.296563,0
44,29,1819.229862,0
44,30,3068.189389,0
44,31,2347.50981,0
44,32,3790.380132,0
44,33,231.036825,0
44,34,311.70212,0
44,35,3118.033966,0
44,36,366.511149,1
44,37,943.041556,0
44,38,2375.566526,0
44,39,950.071856,0
44,40,2348.381715,0
44,41,3966.58182,0
44,42,534.569002,0
44,44,0.0,0
44,45,1186.227893,0
44,46,2348.753938,0
44,47,1435.125858,0
44,48,2714.209353,0
44,49,3384.342492,0
44,50,290.318554,0
44,51,762.791196,0
44,53,3889.327968,0
44,54,841.552145,0
44,55,1514.676294,0
44,56,2952.317396,0
45,1,571.572656,0
45,2,5811.802943,0
45,4,2832.461797,0
45,5,1070.698664,0
45,6,3502.317136,0
45,8,2277.713355,0
45,9,1113.51364,0
45,10,746.276146,0
45,11,655.672697,0
45,12,625.441171,0
45,13,275.570893,1
45,15,7578.684532,0
45,16,3115.330868,0
45,17,1010.014686,0
45,18,825.352369,0
45,19,1432.829964,0
45,20,1654.073971,0
45,21,571.223227,0
45,22,1080.044452,0
45,23,1608.417307,0
45,24,675.794557,0
45,25,1231.776233,0
45,26,1284.444089,0
45,27,1783.862846,0
45,28,829.514864,0
45,29,1155.462348,0
45,30,2820.94067,0
45,31,1868.208745,0
45,32,3235.685283,0
45,33,1352.232852,0
45,34,883.986215,0
45,35,2323.959497,0
45,36,1103.251208,0
45,37,243.226474,1
45,38,2228.706947,0
45,39,743.480459,0
45,40,1533.468109,0
45,41,3585.210759,0
45,42,823.960973,0
45,44,1186.227893,0
45,45,0.0,0
45,46,2035.611179,0
45,47,548.035072,0
45,48,1747.271361,0
45,49,2807.901239,0
45,50,1334.170915,0
45,51,449.662731,0
45,53,3631.958952,0
45,54,529.085242,0
45,55,1414.978925,0
45,56,2526.716793,0
46,1,1740.17521,0
46,2,3887.362025,0
46,4,1495.078612,0
46,5,1251.441311,0
46,6,1812.482117,0
46,8,749.090706,0
46,9,2252.752725,0
46,10,2139.278538,0
46,11,2020.255791,0
46,12,2374.956861,0
46,13,1959.434114,0
46,15,5851.635732,0
46,16,1145.019988,0
46,17,1032.026652,0
46,18,1255.020232,0
46,19,606.270734,1
46,20,678.356824,0
46,21,1468.201883,0
46,22,1674.116291,0
46,23,2438.27518,0
46,24,2044.801039,0
46,25,2332.744708,0
46,26,1154.31136,0
46,27,515.722781,1
46,28,1593.183052,0
46,29,936.536368,0
46,30,786.501251,1
46,31,324.675156,1
46,32,1471.894919,0
46,33,2285.797716,0
46,34,2154.105179,0
46,35,1222.752587,0
46,36,1985.97834,0
46,37,2046.380848,0
46,38,334.520739,1
46,39,1505.615179,0
46,40,1009.995252,0
46,41,1626.453762,0
46,42,1870.808531,0
46,44,2348.753938,0
46,45,2035.611179,0
46,46,0.0,0
46,47,1515.026188,0
46,48,1445.696634,0
46,49,1106.534046,0
46,50,2191.035671,0
46,51,1962.431059,0
46,53,1609.053691,0
46,54,1752.594868,0
46,55,835.511755,0
46,56,611.528765,1
47,1,348.372954,1
47,2,5352.112047,0
47,4,2308.868323,0
47,5,563.751031,1
47,6,2960.470365,0
47,8,1731.098609,0
47,9,1340.835077,0
47,10,1024.624621,0
47,11,892.504687,0
47,12,901.825337,0
47,13,448.630947,1
47,15,7047.045051,0
47,16,2571.881518,0
47,17,531.113095,0
47,18,449.219366,0
47,19,926.495505,0
47,20,1106.601285,0
47,21,208.24304,1
47,22,747.230209,0
47,23,1781.678044,0
47,24,921.642768,0
47,25,1461.400534,0
47,26,998.095847,0
47,27,1333.489849,0
47,28,464.148885,1
47,29,609.468552,1
47,30,2294.615756,0
47,31,1326.536249,0
47,32,2689.185981,0
47,33,1531.174796,0
47,34,1128.875579,0
47,35,1805.282037,0
47,36,1211.747268,0
47,37,654.258827,1
47,38,1737.824925,0
47,39,596.988562,0
47,40,1008.165724,0
47,41,3039.481555,0
47,42,930.039553,0
47,44,1435.125858,0
47,45,548.035072,0
47,46,1515.026188,0
47,47,0.0,0
47,48,1294.904589,0
47,49,2261.369883,0
47,50,1479.166133,0
47,51,709.891874,1
47,53,3096.223001,0
47,54,594.313809,0
47,55,1014.243989,0
47,56,1982.830129,0
48,1,1182.337706,0
48,2,5127.709078,0
48,4,1199.517438,0
48,5,744.323209,1
48,6,1963.819875,0
48,8,1013.498649,0
48,9,2616.364216,0
48,10,2317.703592,0
48,11,2183.983053,0
48,12,1653.595154,0
48,13,1503.363078,0
48,15,5902.014643,0
48,16,1961.086307,0
48,17,1326.241577,0
48,18,1503.034649,0
48,19,1287.761083,0
48,20,787.100152,0
48,21,1449.43536,0
48,22,716.139164,1
48,23,3017.535096,0
48,24,2213.402013,0
48,25,2733.845153,0
48,26,1901.13786,0
48,27,1708.185919,0
48,28,919.62735,0
48,29,988.562659,0
48,30,1945.324354,0
48,31,1121.51481,0
48,32,1798.490101,0
48,33,2780.716167,0
48,34,2415.155542,0
48,35,718.455174,1
48,36,2446.525813,0
48,37,1923.853942,0
48,38,1780.207352,0
48,39,1791.568705,0
48,40,489.640313,1
48,41,2325.482664,0
48,42,2188.331524,0
48,44,2714.209353,0
48,45,1747.271361,0
48,46,1445.696634,0
48,47,1294.904589,0
48,48,0.0,0
48,49,1422.026362,0
48,50,2714.471643,0
48,51,2004.688043,0
48,53,2535.739907,0
48,54,1876.185081,0
48,55,1685.054261,0
48,56,1475.710628,0
49,1,2344.027652,0
49,2,3799.715312,0
49,4,557.993049,1
49,5,1774.065305,0
49,6,727.818321,0
49,8,530.271343,1
49,9,3284.637103,0
49,10,3109.860068,0
49,11,2979.287905,0
49,12,2940.468098,0
49,13,2641.754523,0
49,15,4826.35111,0
49,16,610.956001,1
49,17,1928.295683,0
49,18,2173.673094,0
49,19,1563.541846,0
49,20,1155.536147,0
49,21,2302.955193,0
49,22,2031.229223,0
49,23,3521.8952,0
49,24,3006.947004,0
49,25,3376.933517,0
49,26,2226.885657,0
49,27,1622.182123,0
49,28,2109.286668,0
49,29,1668.420848,0
49,30,875.328632,0
49,31,1036.840142,0
49,32,427.817842,1
49,33,3350.298775,0
49,34,3152.299635,0
49,35,735.07927,1
49,36,3033.056088,0
49,37,2894.713963,0
49,38,1279.111049,0
49,39,2469.572707,0
49,40,1318.836333,0
49,41,904.476472,0
49,42,2872.283359,0
49,44,3384.342492,0
49,45,2807.901239,0
49,46,1106.534046,0
49,47,2261.369883,0
49,48,1422.026362,0
49,49,0.0,0
49,50,3258.999462,0
49,51,2872.607113,0
49,53,1153.52388,0
49,54,2678.243177,0
49,55,1906.883002,0
49,56,535.831417,1
50,1,1759.763142,0
50,2,5290.829818,0
50,4,3503.543804,0
50,5,1975.323809,0
50,6,3984.034142,0
50,8,2781.912272,0
50,9,277.101371,0
50,10,609.66955,0
50,11,678.688484,0
50,12,1945.524609,0
50,13,1576.7088,0
50,15,8041.462241,0
50,16,3315.763559,0
50,17,1430.467843,0
50,18,1217.925725,0
50,19,1706.320538,0
50,20,2231.022545,0
50,21,1287.458363,0
50,22,2225.425512,0
50,23,304.080498,0
50,24,660.067884,0
50,25,232.256033,1
50,26,1037.423074,0
50,27,1705.02459,0
50,28,1941.447127,0
50,29,1771.479479,0
50,30,2878.242269,0
50,31,2226.806419,0
50,32,3653.376131,0
50,33,98.158998,1
50,34,470.121956,0
50,35,3054.921587,0
50,36,269.216652,1
50,37,1095.938697,0
50,38,2183.109139,0
50,39,922.976702,0
50,40,2312.787394,0
50,41,3789.446964,0
50,42,551.794561,0
50,44,290.318554,0
50,45,1334.170915,0
50,46,2191.035671,0
50,47,1479.166133,0
50,48,2714.471643,0
50,49,3258.999462,0
50,50,0.0,0
50,51,886.292471,0
50,53,3689.213636,0
50,54,897.463102,0
50,55,1358.107836,0
50,56,2801.364669,0
51,1,913.183629,0
51,2,5584.976504,0
51,4,2984.13168,0
51,5,1270.458881,0
51,6,3591.303294,0
51,8,2349.163359,0
51,9,680.342792,0
51,10,326.258943,0
51,11,211.710655,1
51,12,1070.676925,0
51,13,693.330041,0
51,15,7693.428175,0
51,16,3093.733197,0
51,17,953.18104,0
51,18,712.812942,0
51,19,1364.11757,0
51,20,1730.508718,0
51,21,585.591168,1
51,22,1412.209985,0
51,23,1166.975968,0
51,24,235.993316,1
51,25,801.524069,0
51,26,1001.281476,0
51,27,1611.434115,0
51,28,1133.705443,0
51,29,1214.029553,0
51,30,2741.454252,0
51,31,1864.720173,0
51,32,3296.270619,0
51,33,909.591851,0
51,34,451.827147,0
51,35,2489.915693,0
51,36,654.25665,0
51,37,223.111051,1
51,38,2092.926794,0
51,39,474.961203,0
51,40,1695.393936,0
51,41,3573.857029,0
51,42,382.398599,0
51,44,762.791196,0
51,45,449.662731,0
51,46,1962.431059,0
51,47,709.891874,1
51,48,2004.688043,0
51,49,2872.607113,0
51,50,886.292471,0
51,51,0.0,0
51,53,3569.84212,0
51,54,211.529174,1
51,55,1215.869198,0
51,56,2517.152429,0
53,1,3270.327897,0
53,2,2649.717241,0
53,4,1639.020805,0
53,5,2719.206511,0
53,6,1142.547147,0
53,8,1534.771722,0
53,9,3799.628502,0
53,10,3730.123124,0
53,11,3616.91612,0
53,12,3901.084562,0
53,13,3527.542268,0
53,15,4439.590922,0
53,16,575.425813,1
53,17,2638.683598,0
53,18,2864.068817,0
53,19,2214.060008,0
53,20,2055.528054,0
53,21,3070.910402,0
53,22,3061.385912,0
53,23,3890.815038,0
53,24,3640.102624,0
53,25,3863.481363,0
53,26,2691.808214,0
53,27,2006.847973,0
53,28,3073.550843,0
53,29,2491.244679,0
53,30,830.44122,0
53,31,1772.252404,0
53,32,953.27443,0
53,33,3787.224492,0
53,34,3730.43842,0
53,35,1883.87653,0
53,36,3522.972833,0
53,37,3654.507373,0
53,38,1514.411724,0
53,39,3107.251712,0
53,40,2319.00893,0
53,41,386.242721,1
53,42,3450.582131,0
53,44,3889.327968,0
53,45,3631.958952,0
53,46,1609.053691,0
53,47,3096.223001,0
53,48,2535.739907,0
53,49,1153.52388,0
53,50,3689.213636,0
53,51,3569.84212,0
53,53,0.0,0
53,54,3359.248313,0
53,55,2395.550187,0
53,56,1134.457203,0
54,1,862.782712,0
54,2,5385.123386,0
54,4,2810.091751,0
54,5,1133.027233,0
54,6,3399.97165,0
54,8,2158.171714,0
54,9,746.590674,0
54,10,450.827605,0
54,11,314.821358,0
54,12,1147.499304,0
54,13,713.212815,0
54,15,7502.841725,0
54,16,2886.409637,0
54,17,752.062617,0
54,18,508.393627,0
54,19,1156.630837,0
54,20,1545.060222,0
54,21,428.322776,1
54,22,1333.299212,0
54,23,1196.159981,0
54,24,344.329697,1
54,25,867.08796,0
54,26,805.273134,0
54,27,1401.018688,0
54,28,1049.428593,0
54,29,1032.163145,0
54,30,2530.517877,0
54,31,1662.710133,0
54,32,3100.053756,0
54,33,942.136366,0
54,34,538.971225,0
54,35,2322.704602,0
54,36,636.710254,0
54,37,368.783279,0
54,38,1881.540415,0
54,39,266.299552,1
54,40,1534.724679,0
54,41,3367.029543,0
54,42,346.232236,1
54,44,841.552145,0
54,45,529.085242,0
54,46,1752.594868,0
54,47,594.313809,0
54,48,1876.185081,0
54,49,2678.243177,0
54,50,897.463102,0
54,51,211.529174,1
54,53,3359.248313,0
54,54,0.0,0
54,55,1006.364476,0
54,56,2312.099057,0
55,1,1341.776954,0
55,2,4399.19262,0
55,4,2200.354049,0
55,5,1105.108917,0
55,6,2628.850438,0
55,8,1453.529978,0
55,9,1419.734429,0
55,10,1337.260596,0
55,11,1229.962597,0
55,12,1909.445701,0
55,13,1438.789443,0
55,15,6686.89693,0
55,16,1973.688904,0
55,17,504.668248,1
55,18,595.295785,0
55,19,417.57866,1
55,20,992.146878,0
55,21,869.820326,0
55,22,1533.639485,0
55,23,1615.064354,0
55,24,1251.359193,0
55,25,1497.509459,0
55,26,320.979172,1
55,27,397.779129,1
55,28,1323.828904,0
55,29,732.797039,0
55,30,1566.629881,0
55,31,889.222529,0
55,32,2295.800263,0
55,33,1451.950042,0
55,34,1335.238848,0
55,35,1803.821852,0
55,36,1150.836,0
55,37,1351.129713,0
55,38,888.766699,0
55,39,740.911329,0
55,40,1201.456826,0
55,41,2452.999768,0
55,42,1055.059637,0
55,44,1514.676294,0
55,45,1414.978925,0
55,46,835.511755,0
55,47,1014.243989,0
55,48,1685.054261,0
55,49,1906.883002,0
55,50,1358.107836,0
55,51,1215.869198,0
55,53,2395.550187,0
55,54,1006.364476,0
55,55,0.0,0
55,56,1443.913894,0
56,1,2138.632206,0
56,2,3654.553893,0
56,4,1031.177299,0
56,5,1584.789726,0
56,6,1208.019609,0
56,8,474.713819,1
56,9,2855.083459,0
56,10,2720.27114,0
56,11,2596.01227,0
56,12,2767.470687,0
56,13,2404.143261,0
56,15,5243.907181,0
56,16,589.09597,1
56,17,1565.221488,0
56,18,1804.521874,0
56,19,1157.849597,0
56,20,921.081906,0
56,21,1980.392749,0
56,22,1935.052621,0
56,23,3049.788696,0
56,24,2621.954601,0
56,25,2938.495514,0
56,26,1764.039561,0
56,27,1119.830196,0
56,28,1939.093688,0
56,29,1373.529612,0
56,30,479.053487,1
56,31,659.785398,1
56,32,863.275522,0
56,33,2895.680536,0
56,34,2745.344633,0
56,35,960.961871,0
56,36,2591.794153,0
56,37,2573.957594,0
56,38,744.171611,0
56,39,2079.260548,0
56,40,1193.545234,0
56,41,1060.864655,0
56,42,2461.939496,0
56,44,2952.317396,0
56,45,2526.716793,0
56,46,611.528765,1
56,47,1982.830129,0
56,48,1475.710628,0
56,49,535.831417,1
56,50,2801.364669,0
56,51,2517.152429,0
56,53,1134.457203,0
56,54,2312.099057,0
56,55,1443.913894,0
56,56,0.0,0
